local,600,GET,99.xbm
local,600,GET,10.html
local,600,GET,255.gif
remot,600,GET,index.html
remot,7.06,GET,T index.html
remot,3.06,GET,T 314.gif
local,3.06,GET,T 567.html
local,600,GET,5.html
local,600,GET,508.html
local,600,GET,509.gif
remot,600,GET,510.gif
remot,3.06,GET,T 540.ps
remot,7.06,GET,T 167.html
remot,5.06,GET,T 208.html
remot,5.06,GET,T 209.gif
remot,0.06,GET,T index.html
remot,2.06,GET,T 216.html
remot,6.06,GET,T 473.gif
local,9.06,GET,T 472.jpg
remot,600,GET,index.html
local,1.06,GET,T index.html
local,600,GET,index.html
local,600,GET,2.gif
local,600,GET,3.gif
remot,600,GET,4.gif
remot,9.06,GET,T index.html
remot,0.06,GET,T 2.gif
remot,3.06,GET,T 3.gif
remot,5.06,GET,T 4.gif
local,9.06,GET,T index.html
local,600,GET,index.html
local,600,GET,2.gif
local,600,GET,3.gif
local,600,GET,4.gif
local,600,GET,5.html
local,600,GET,504.html
local,600,GET,337.gif
local,600,GET,338.gif
local,600,GET,508.html
local,600,GET,509.gif
local,600,GET,510.gif
local,600,GET,index.html
local,600,GET,2.gif
local,600,GET,3.gif
local,600,GET,4.gif
local,600,GET,index.html
local,600,GET,4.gif
local,600,GET,2.gif
local,600,GET,3.gif
local,600,GET,index.html
local,600,GET,index.html
local,600,GET,2.gif
local,600,GET,3.gif
local,600,GET,4.gif
local,600,GET,224.html
local,600,GET,index.html
local,600,GET,2.gif
local,600,GET,3.gif
local,600,GET,4.gif
local,600,GET,5.html
local,600,GET,6.html
local,600,GET,100.xbm
local,600,GET,99.xbm
local,600,GET,9.html
local,600,GET,310.gif
local,600,GET,9.html
local,600,GET,6.html
local,600,GET,10.html
remot,600,GET,255.gif
local,2.06,GET,T index.html
local,600,GET,index.html
local,600,GET,2.gif
local,600,GET,3.gif
remot,600,GET,4.gif
remot,9.06,GET,T 244.gif
remot,9.06,GET,T 276.html
remot,6.06,GET,T 277.html
remot,4.06,GET,T 245.html
local,5.06,GET,T 246.html
local,600,GET,index.html
local,600,GET,index.html
local,600,GET,100.xbm
local,600,GET,99.xbm
remot,600,GET,7.html
remot,1.06,GET,T 472.jpg
local,7.06,GET,T 482.jpg
local,600,GET,5.html
local,600,GET,11.html
local,600,GET,13.gif
local,600,GET,12.gif
local,600,GET,345.html
local,600,GET,347.gif
local,600,GET,346.gif
local,600,GET,"568.map?230,337"
local,600,GET,348.html
local,600,GET,349.gif
local,600,GET,351.html
local,600,GET,index.html
local,600,GET,index.html
local,600,GET,352.html
local,600,GET,470.html
local,600,GET,569.html
local,600,GET,570.gif
local,600,GET,"571.map?256,71"
local,600,GET,572.html
remot,600,GET,573.gif
local,0.06,GET,T index.html
remot,600,GET,574.html
local,3.06,GET,T 244.gif
local,600,GET,index.html
local,600,GET,575.gif
local,600,GET,index.html
local,600,GET,8.html
local,600,GET,504.html
local,600,GET,337.gif
local,600,GET,338.gif
local,600,GET,332.html
local,600,GET,339.html
local,600,GET,index.html
local,600,GET,93.gif
local,600,GET,36.html
local,600,GET,index.html
local,600,GET,index.html
local,600,GET,94.xbm
local,600,GET,95.html
local,600,GET,96.gif
local,600,GET,332.html
local,600,GET,333.gif
local,600,GET,334.gif
local,600,GET,41.html
local,600,GET,291.gif
local,600,GET,334.gif
local,600,GET,index.html
local,600,GET,index.html
local,600,GET,94.xbm
local,600,GET,159.html
local,600,GET,160.xbm
local,600,GET,index.html
local,600,GET,95.html
remot,600,GET,96.gif
remot,9.06,GET,T index.html
local,2.06,GET,T 244.gif
local,600,GET,41.html
local,600,GET,index.html
local,600,GET,2.gif
local,600,GET,3.gif
local,600,GET,4.gif
local,600,GET,index.html
local,600,GET,4.gif
local,600,GET,2.gif
local,600,GET,3.gif
local,600,GET,5.html
local,600,GET,149.html
local,600,GET,150.gif
local,600,GET,25.html
local,600,GET,index.html
local,600,GET,2.gif
local,600,GET,4.gif
local,600,GET,3.gif
local,600,GET,27.gif
remot,600,GET,26.gif
remot,7.06,GET,T index.html
remot,9.06,GET,T 2.gif
remot,3.06,GET,T 3.gif
local,5.06,GET,T 4.gif
local,600,GET,index.html
local,600,GET,2.gif
local,600,GET,3.gif
local,600,GET,4.gif
local,600,GET,index.html
local,600,GET,index.html
local,600,GET,2.gif
local,600,GET,3.gif
local,600,GET,4.gif
local,600,GET,39.html
remot,600,GET,166.gif
remot,2.06,GET,T index.html
local,6.06,GET,T 2.gif
remot,600,GET,40.html
remot,0.06,GET,T 3.gif
remot,3.06,GET,T 4.gif
local,9.06,GET,T index.html
local,600,GET,index.html
remot,600,GET,93.gif
local,5.06,GET,T 288.html
local,600,GET,5.html
local,600,GET,11.html
local,600,GET,13.gif
local,600,GET,12.gif
local,600,GET,36.html
local,600,GET,index.html
local,600,GET,index.html
local,600,GET,94.xbm
local,600,GET,108.html
remot,600,GET,109.gif
local,7.06,GET,T 331.html
local,600,GET,41.html
local,600,GET,291.gif
local,600,GET,167.html
local,600,GET,index.html
local,600,GET,index.html
local,600,GET,440.gif
local,600,GET,441.gif
local,600,GET,442.gif
local,600,GET,192.html
local,600,GET,443.gif
local,600,GET,193.gif
local,600,GET,444.gif
local,600,GET,445.gif
local,600,GET,446.gif
local,600,GET,447.gif
local,600,GET,448.gif
local,600,GET,449.gif
local,600,GET,450.gif
local,600,GET,451.gif
local,600,GET,452.gif
local,600,GET,453.gif
local,600,GET,454.gif
local,600,GET,455.gif
local,600,GET,456.gif
local,600,GET,198.html
local,600,GET,199.gif
local,600,GET,170.html
local,600,GET,171.gif
local,600,GET,494.jpg
local,600,GET,176.html
remot,600,GET,177.gif
local,4.06,GET,T 576.html tp://
local,600,GET,184.html
local,600,GET,185.gif
local,600,GET,index.html
local,600,GET,index.html
local,600,GET,294.gif
local,600,GET,295.gif
local,600,GET,296.gif
local,600,GET,297.gif
local,600,GET,index.html
local,600,GET,index.html
local,600,GET,2.gif
local,600,GET,3.gif
local,600,GET,index.html
local,600,GET,93.gif
local,600,GET,4.gif
local,600,GET,36.html
local,600,GET,index.html
local,600,GET,index.html
local,600,GET,index.html
local,600,GET,94.xbm
local,600,GET,95.html
local,600,GET,96.gif
local,600,GET,index.html
local,600,GET,5.html
local,600,GET,6.html
local,600,GET,100.xbm
local,600,GET,99.xbm
local,600,GET,7.html
local,600,GET,index.html
local,600,GET,index.html
local,600,GET,294.gif
local,600,GET,295.gif
local,600,GET,296.gif
local,600,GET,297.gif
local,600,GET,8.html
local,600,GET,7.html
local,600,GET,14.html
local,600,GET,index.html
local,600,GET,index.html
local,600,GET,284.html
local,600,GET,464.html
local,600,GET,577.html
local,600,GET,578.gif
local,600,GET,36.html
local,600,GET,index.html
local,600,GET,index.html
local,600,GET,440.gif
local,600,GET,441.gif
local,600,GET,442.gif
local,600,GET,443.gif
local,600,GET,444.gif
local,600,GET,445.gif
local,600,GET,446.gif
local,600,GET,447.gif
local,600,GET,448.gif
local,600,GET,449.gif
local,600,GET,450.gif
local,600,GET,451.gif
local,600,GET,452.gif
local,600,GET,453.gif
local,600,GET,454.gif
local,600,GET,455.gif
local,600,GET,456.gif
local,600,GET,9.html
local,600,GET,310.gif
local,600,GET,579.html
local,600,GET,341.html
local,600,GET,454.gif
local,600,GET,226.html
local,600,GET,298.html
local,600,GET,index.html
local,600,GET,index.html
local,600,GET,42.html
local,600,GET,index.html
local,600,GET,2.gif
local,600,GET,3.gif
local,600,GET,4.gif
local,600,GET,index.html
local,600,GET,index.html
local,600,GET,index.html
remot,600,GET,index.html
remot,4.06,GET,T index.html
remot,2.06,GET,T index.html
remot,3.06,GET,T index.html
remot,3.06,GET,T 50.html
remot,5.06,GET,T 51.gif
remot,8.06,GET,T 52.gif
remot,1.06,GET,T 53.gif
remot,3.06,GET,T 54.gif
remot,6.06,GET,T 55.gif
remot,3.06,GET,T 56.gif
remot,6.06,GET,T 57.gif
remot,9.06,GET,T 58.gif
remot,7.06,GET,T 59.gif
remot,0.06,GET,T 60.gif
remot,7.06,GET,T 61.gif
remot,1.06,GET,T 62.gif
remot,5.06,GET,T 63.gif
remot,8.06,GET,T 64.gif
remot,1.06,GET,T 65.gif
remot,5.06,GET,T 66.gif
remot,9.06,GET,T 67.gif
remot,0.06,GET,T 68.gif
remot,3.06,GET,T 69.gif
remot,0.06,GET,T 70.gif
remot,4.06,GET,T 71.gif
remot,7.06,GET,T 72.gif
remot,0.06,GET,T 73.gif
remot,3.06,GET,T 74.gif
remot,7.06,GET,T 75.gif
remot,3.06,GET,T 76.gif
remot,7.06,GET,T 330.rgb
remot,1.06,GET,T 580.html
local,7.06,GET,T 28.html
local,600,GET,index.html
local,600,GET,2.gif
local,600,GET,4.gif
local,600,GET,3.gif
local,600,GET,index.html
remot,600,GET,1.gif
remot,7.06,GET,T 44.html
local,3.06,GET,T index.html
local,600,GET,index.html
local,600,GET,2.gif
local,600,GET,3.gif
local,600,GET,4.gif
local,600,GET,index.html
local,600,GET,index.html
local,600,GET,index.html
local,600,GET,293.xbm
local,600,GET,292.xbm
remot,600,GET,342.xbm
local,5.06,GET,T 20.html
local,600,GET,581.html
local,600,GET,582.gif
local,600,GET,251.gif
local,600,GET,250.html
remot,600,GET,252.gif
local,1.06,GET,T 21.gif
local,600,GET,index.html
local,600,GET,2.gif
local,600,GET,3.gif
remot,600,GET,4.gif
local,6.06,GET,T 22.html
local,600,GET,index.html
local,600,GET,93.gif
local,600,GET,97.html
local,600,GET,36.html
local,600,GET,index.html
local,600,GET,index.html
local,600,GET,94.xbm
local,600,GET,95.html
local,600,GET,96.gif
local,600,GET,159.html
local,600,GET,160.xbm
local,600,GET,index.html
local,600,GET,index.html
local,600,GET,440.gif
local,600,GET,441.gif
local,600,GET,442.gif
local,600,GET,443.gif
local,600,GET,444.gif
local,600,GET,445.gif
local,600,GET,446.gif
local,600,GET,447.gif
local,600,GET,448.gif
local,600,GET,449.gif
local,600,GET,450.gif
local,600,GET,451.gif
local,600,GET,452.gif
local,600,GET,453.gif
local,600,GET,454.gif
local,600,GET,455.gif
local,600,GET,456.gif
local,600,GET,index.html
local,600,GET,2.gif
local,600,GET,3.gif
local,600,GET,4.gif
local,600,GET,index.html
local,600,GET,46.html
local,600,GET,460.html
local,600,GET,458.gif
local,600,GET,461.gif
local,600,GET,454.gif
local,600,GET,260.html
local,600,GET,454.gif
local,600,GET,259.html
local,600,GET,454.gif
local,600,GET,index.html
local,600,GET,2.gif
local,600,GET,3.gif
remot,600,GET,4.gif
remot,6.06,GET,T 164.html
remot,0.06,GET,T index.html
remot,8.06,GET,T index.html
remot,8.06,GET,T index.html
remot,2.06,GET,T index.html
remot,3.06,GET,T index.html
remot,6.06,GET,T index.html
remot,7.06,GET,T 4.gif
remot,4.06,GET,T index.html
remot,5.06,GET,T 2.gif
remot,8.06,GET,T 3.gif
local,5.06,GET,T index.html
remot,600,GET,index.html
remot,5.06,GET,T 583.html
local,2.06,GET,T 584.html
local,600,GET,index.html
remot,600,GET,1.gif
remot,7.06,GET,T 585.html
remot,3.06,GET,T 20.html
remot,7.06,GET,T 21.gif
local,5.06,GET,T 22.html
local,600,GET,index.html
local,600,GET,index.html
remot,600,GET,93.gif
local,8.06,GET,T 584.html
local,600,GET,36.html
local,600,GET,index.html
local,600,GET,index.html
local,600,GET,94.xbm
local,600,GET,299.html
local,600,GET,144.html
local,600,GET,478.html
local,600,GET,146.html
local,600,GET,147.gif
local,600,GET,148.gif
local,600,GET,34.html
local,600,GET,35.xbm
local,600,GET,2.gif
local,600,GET,3.gif
local,600,GET,4.gif
local,600,GET,41.html
remot,600,GET,291.gif
remot,8.06,GET,T 20.html
local,5.06,GET,T 22.html
local,600,GET,index.html
local,600,GET,354.gif
local,600,GET,355.gif
local,600,GET,356.gif
local,600,GET,357.gif
local,600,GET,358.gif
local,600,GET,359.gif
local,600,GET,360.gif
remot,600,GET,361.gif
remot,3.06,GET,T 20.html
local,0.06,GET,T 21.gif
remot,600,GET,index.html
local,7.06,GET,T 22.html
local,600,GET,5.html
local,600,GET,6.html
local,600,GET,index.html
local,600,GET,index.html
local,600,GET,index.html
local,600,GET,index.html
local,600,GET,index.html
local,600,GET,index.html
local,600,GET,index.html
local,600,GET,index.html
local,600,GET,586.gif
local,600,GET,145.html
remot,600,GET,158.html
local,3.06,GET,T 22.html
local,600,GET,index.html
local,600,GET,2.gif
local,600,GET,4.gif
remot,600,GET,3.gif
remot,3.06,GET,T 267.html
remot,9.06,GET,T 245.html
remot,4.06,GET,T 246.html
remot,8.06,GET,T index.html
remot,3.06,GET,T 2.gif
remot,0.06,GET,T 3.gif
remot,6.06,GET,T 4.gif
remot,8.06,GET,T 267.html
remot,2.06,GET,T 245.html
remot,5.06,GET,T 246.html
remot,5.06,GET,T index.html
remot,0.06,GET,T 473.gif
remot,0.06,GET,T 28.html
remot,7.06,GET,T 29.html
remot,6.06,GET,T 325.html
remot,5.06,GET,T 326.gif
remot,2.06,GET,T 587.gif
remot,3.06,GET,T index.html
local,3.06,GET,T 5.html
local,600,GET,index.html
local,600,GET,167.html
remot,600,GET,41.html
local,2.06,GET,T 472.jpg
local,600,GET,index.html
local,600,GET,2.gif
local,600,GET,3.gif
local,600,GET,4.gif
local,600,GET,41.html
local,600,GET,291.gif
local,600,GET,index.html
remot,600,GET,index.html
remot,1.06,GET,T index.html
local,2.06,GET,T 2.gif
local,600,GET,588.html
remot,600,GET,589.gif
remot,9.06,GET,T 3.gif
local,4.06,GET,T 4.gif
local,600,GET,index.html
local,600,GET,index.html
local,600,GET,index.html
local,600,GET,index.html
local,600,GET,index.html
local,600,GET,index.html
local,600,GET,38.aiff
local,600,GET,index.html
local,600,GET,288.html
local,600,GET,165.html
local,600,GET,318.html
local,600,GET,583.html
local,600,GET,585.html
local,600,GET,584.html
local,600,GET,323.html
local,600,GET,153.html
local,600,GET,index.html
local,600,GET,index.html
remot,600,GET,index.html
local,9.06,GET,T index.html
local,600,GET,index.html
local,600,GET,index.html
remot,600,GET,470.html
remot,8.06,GET,T index.html
local,2.06,GET,T 151.html
local,600,GET,590.html
local,600,GET,34.html
local,600,GET,35.xbm
local,600,GET,index.html
local,600,GET,2.gif
local,600,GET,3.gif
local,600,GET,4.gif
local,600,GET,index.html
local,600,GET,index.html
local,600,GET,index.html
local,600,GET,38.aiff
local,600,GET,50.html
local,600,GET,51.gif
local,600,GET,52.gif
local,600,GET,53.gif
local,600,GET,54.gif
local,600,GET,55.gif
local,600,GET,56.gif
local,600,GET,57.gif
local,600,GET,58.gif
local,600,GET,59.gif
local,600,GET,60.gif
local,600,GET,61.gif
local,600,GET,62.gif
local,600,GET,63.gif
local,600,GET,64.gif
local,600,GET,65.gif
local,600,GET,66.gif
local,600,GET,67.gif
local,600,GET,68.gif
local,600,GET,69.gif
local,600,GET,70.gif
local,600,GET,71.gif
local,600,GET,72.gif
local,600,GET,73.gif
local,600,GET,74.gif
local,600,GET,75.gif
local,600,GET,76.gif
local,600,GET,index.html
local,600,GET,index.html
local,600,GET,2.gif
local,600,GET,3.gif
local,600,GET,4.gif
local,600,GET,index.html
local,600,GET,index.html
local,600,GET,index.html
local,600,GET,20.html
local,600,GET,22.html
local,600,GET,489.html
local,600,'POS,T 548.exe
local,600,GET,index.html
local,600,GET,index.html
local,600,GET,93.gif
local,600,GET,index.html
local,600,'POS,T 548.exe
local,600,GET,index.html
local,600,GET,498.html
local,600,GET,394.html
local,600,GET,591.gif
local,600,GET,index.html
remot,600,GET,index.html
remot,9.06,GET,T index.html
remot,0.06,GET,T index.html
local,8.06,GET,T 244.gif
local,600,GET,index.html
local,600,GET,2.gif
local,600,GET,3.gif
local,600,GET,4.gif
local,600,GET,index.html
local,600,GET,index.html
local,600,GET,2.gif
local,600,GET,3.gif
local,600,GET,105.gif
remot,600,GET,4.gif
remot,6.06,GET,T index.html
local,9.06,GET,T 2.gif
remot,600,GET,592.html
local,5.06,GET,T 4.gif
local,600,GET,index.html
local,600,GET,93.gif
local,600,GET,105.gif
local,600,GET,593.html
local,600,GET,36.html
local,600,GET,index.html
local,600,GET,index.html
remot,600,GET,94.xbm
local,6.06,GET,T 3.gif
local,600,GET,index.html
local,600,GET,2.gif
local,600,GET,3.gif
local,600,GET,4.gif
local,600,GET,5.html
local,600,GET,14.html
local,600,GET,30.gif
local,600,GET,31.gif
local,600,GET,32.gif
local,600,GET,index.html
local,600,GET,index.html
local,600,GET,294.gif
local,600,GET,295.gif
local,600,GET,296.gif
local,600,GET,297.gif
local,600,GET,365.mpeg
local,600,GET,index.html
local,600,GET,2.gif
local,600,GET,3.gif
local,600,GET,4.gif
local,600,GET,286.html
local,600,GET,285.html
local,600,GET,594.gif
local,600,GET,595.xpm
local,600,GET,index.html
local,600,GET,284.html
local,600,GET,index.html
local,600,GET,index.html
local,600,GET,46.html
local,600,GET,283.html
local,600,GET,366.gif
local,600,GET,367.gif
local,600,GET,368.gif
local,600,GET,369.gif
local,600,GET,370.gif
local,600,GET,371.gif
local,600,GET,105.gif
local,600,GET,index.html
local,600,GET,93.gif
local,600,GET,36.html
local,600,GET,index.html
local,600,GET,index.html
local,600,GET,294.gif
local,600,GET,295.gif
local,600,GET,296.gif
local,600,GET,297.gif
local,600,GET,365.mpeg
local,600,GET,index.html
local,600,GET,index.html
local,600,GET,159.html
local,600,GET,160.xbm
local,600,GET,299.html
local,600,GET,95.html
local,600,GET,96.gif
local,600,GET,index.html
local,600,GET,2.gif
local,600,GET,3.gif
local,600,GET,4.gif
local,600,GET,index.html
local,600,GET,5.html
local,600,GET,508.html
local,600,GET,index.html
local,600,GET,2.gif
local,600,GET,3.gif
local,600,GET,4.gif
local,600,GET,167.html
local,600,GET,172.html
local,600,GET,173.gif
local,600,GET,index.html
local,600,GET,index.html
local,600,GET,index.html
local,600,GET,464.html
local,600,GET,4.gif
local,600,GET,index.html
local,600,GET,2.gif
local,600,GET,3.gif
local,600,GET,index.html
local,600,GET,2.gif
local,600,GET,4.gif
local,600,GET,3.gif
local,600,GET,4.gif
local,600,GET,46.html
local,600,GET,index.html
local,600,GET,index.html
local,600,GET,2.gif
local,600,GET,3.gif
local,600,GET,index.html
local,600,GET,2.gif
local,600,GET,3.gif
local,600,GET,4.gif
local,600,GET,4.gif
local,600,GET,index.html
local,600,GET,93.gif
local,600,GET,index.html
local,600,GET,2.gif
local,600,GET,3.gif
local,600,GET,4.gif
local,600,GET,index.html
local,600,GET,index.html
local,600,GET,index.html
local,600,GET,index.html
local,600,GET,46.html
local,600,GET,463.html
local,600,GET,20.html
local,600,GET,23.html
local,600,GET,230.html
local,600,GET,index.html
local,600,GET,index.html
local,600,GET,93.gif
local,600,GET,36.html
local,600,GET,index.html
local,600,GET,index.html
local,600,GET,94.xbm
local,600,GET,95.html
local,600,GET,96.gif
local,600,GET,index.html
local,600,GET,index.html
local,600,GET,596.html
local,600,GET,index.html
local,600,GET,index.html
local,600,GET,580.html
local,600,GET,597.html
local,600,GET,593.html
local,600,GET,index.html
local,600,GET,298.html
local,600,GET,36.html
local,600,GET,index.html
local,600,GET,index.html
local,600,GET,index.html
local,600,GET,index.html
local,600,GET,464.html
local,600,GET,298.html
local,600,GET,5.html
local,600,GET,11.html
local,600,GET,13.gif
local,600,GET,12.gif
local,600,GET,index.html
local,600,GET,104.html
local,600,GET,index.html
local,600,GET,464.html
local,600,GET,index.html
local,600,GET,index.html Inch Nails
local,600,GET,index.html
local,600,GET,index.html Inch Nails
local,600,GET,index.html
local,600,GET,106.html
local,600,GET,index.html
remot,600,GET,598.html
remot,3.06,GET,T index.html
remot,6.06,GET,T 3.gif
remot,8.06,GET,T 39.html
local,5.06,GET,T 166.gif
local,600,GET,index.html
local,600,GET,2.gif
local,600,GET,3.gif
local,600,GET,4.gif
local,600,GET,167.html
local,600,GET,172.html
local,600,GET,173.gif
local,600,GET,200.html
local,600,GET,201.gif
local,600,GET,182.html
local,600,GET,183.gif
local,600,GET,194.html
local,600,GET,195.gif
local,600,GET,196.html
local,600,GET,197.gif
local,600,GET,index.html
local,600,GET,167.html
local,600,GET,172.html
local,600,GET,index.html
local,600,GET,194.html
local,600,GET,170.html
local,600,GET,171.gif
local,600,GET,index.html
local,600,GET,2.gif
local,600,GET,3.gif
local,600,GET,4.gif
local,600,GET,174.html
local,600,GET,175.gif
local,600,GET,46.html
local,600,GET,176.html
local,600,GET,177.gif
local,600,GET,182.html
local,600,GET,198.html
local,600,GET,199.gif
local,600,GET,208.html
local,600,GET,209.gif
local,600,GET,204.html
local,600,GET,205.gif
local,600,GET,214.html
local,600,GET,215.gif
local,600,GET,212.html
local,600,GET,213.gif
local,600,GET,210.html
local,600,GET,211.gif
local,600,GET,index.html
local,600,GET,178.html
local,600,GET,179.gif
local,600,GET,180.html
local,600,GET,181.gif
local,600,GET,463.html
local,600,GET,index.html
local,600,GET,184.html
local,600,GET,185.gif
local,600,GET,186.html
local,600,GET,46.html
local,600,GET,187.gif
local,600,GET,188.html
local,600,GET,189.gif
local,600,GET,192.html
local,600,GET,193.gif
local,600,GET,168.html
local,600,GET,169.gif
local,600,GET,200.html
local,600,GET,201.gif
local,600,GET,200.html
local,600,GET,202.html
local,600,GET,203.gif
local,600,GET,206.html
local,600,GET,207.gif
local,600,GET,index.html
local,600,GET,599.gif
local,600,GET,index.html
local,600,GET,39.html
local,600,GET,40.html
local,600,GET,428.html
local,600,GET,index.html
local,600,GET,index.html
local,600,GET,2.gif
local,600,GET,3.gif
local,600,GET,4.gif
local,600,GET,index.html
local,600,GET,93.gif
local,600,GET,index.html
local,600,GET,index.html
local,600,GET,103.html
local,600,GET,42.html
local,600,GET,36.html
local,600,GET,index.html
local,600,GET,index.html
local,600,GET,94.xbm
local,600,GET,95.html
local,600,GET,96.gif
local,600,GET,index.html
local,600,GET,index.html
local,600,GET,index.html
local,600,GET,38.aiff
local,600,GET,463.html
local,600,GET,index.html
local,600,GET,2.gif
local,600,GET,3.gif
local,600,GET,4.gif
local,600,GET,index.html
local,600,GET,index.html
local,600,GET,index.html
local,600,GET,index.html
local,600,GET,index.html
local,600,GET,294.gif
local,600,GET,295.gif
local,600,GET,296.gif
local,600,GET,297.gif
local,600,GET,46.html
local,600,GET,365.mpeg
local,600,GET,285.html
local,600,GET,594.gif
local,600,GET,595.xpm
local,600,GET,481.html
local,600,GET,463.html
local,600,GET,286.html
local,600,GET,index.html
local,600,GET,463.html
local,600,GET,index.html
local,600,GET,2.gif
local,600,GET,3.gif
local,600,GET,4.gif
local,600,GET,index.html
local,600,GET,93.gif
local,600,GET,97.html
local,600,GET,index.html
local,600,GET,index.html
local,600,GET,index.html
local,600,GET,index.html
local,600,GET,index.html
local,600,GET,index.html
local,600,GET,index.html
local,600,GET,index.html
local,600,GET,index.html
local,600,GET,index.html
local,600,GET,2.gif
local,600,GET,3.gif
local,600,GET,4.gif
local,600,GET,600.html
local,600,GET,463.html
local,600,GET,index.html
local,600,GET,index.html
local,600,GET,600.html
local,600,GET,index.html
local,600,GET,index.html
local,600,GET,600.html
local,600,GET,index.html
local,600,GET,2.gif
local,600,GET,3.gif
local,600,GET,4.gif
local,600,GET,index.html
local,600,GET,index.html
local,600,GET,2.gif
local,600,GET,3.gif
remot,600,GET,4.gif
remot,4.06,GET,T index.html
remot,5.06,GET,T 2.gif
remot,3.06,GET,T 3.gif
local,5.06,GET,T 4.gif
local,600,GET,index.html
local,600,GET,2.gif
local,600,GET,3.gif
local,600,GET,4.gif
local,600,GET,index.html
local,600,GET,index.html
local,600,GET,index.html
local,600,GET,463.html
local,600,GET,index.html
local,600,GET,index.html
local,600,GET,46.html
local,600,GET,46.html
local,600,GET,index.html
local,600,GET,index.html
local,600,GET,2.gif
local,600,GET,3.gif
local,600,GET,4.gif
local,600,GET,167.html
local,600,GET,168.html
local,600,GET,169.gif
local,600,GET,210.html
local,600,GET,211.gif
local,600,GET,206.html
local,600,GET,207.gif
local,600,GET,index.html
local,600,GET,93.gif
local,600,GET,index.html
remot,600,GET,index.html
remot,9.06,GET,T 220.html
remot,0.06,GET,T 221.gif
remot,2.06,GET,T 222.gif
remot,5.06,GET,T 223.gif
remot,4.06,GET,T index.html
remot,6.06,GET,T index.html
remot,9.06,GET,T 2.gif
remot,1.06,GET,T 3.gif
remot,4.06,GET,T 4.gif
local,1.06,GET,T 558.ps
local,600,GET,index.html
local,600,GET,index.html
local,600,GET,46.html
local,600,GET,index.html
local,600,GET,index.html
local,600,GET,46.html
local,600,GET,index.html
local,600,GET,2.gif
local,600,GET,3.gif
local,600,GET,4.gif
local,600,GET,index.html
local,600,GET,2.gif
local,600,GET,3.gif
local,600,GET,4.gif
local,600,GET,index.html
local,600,GET,index.html
local,600,GET,2.gif
local,600,GET,3.gif
local,600,GET,4.gif
local,600,GET,5.html
local,600,GET,6.html
local,600,GET,100.xbm
local,600,GET,99.xbm
local,600,GET,7.html
local,600,GET,index.html
local,600,GET,index.html
local,600,GET,6.html
local,600,GET,300.html
local,600,GET,6.html
local,600,GET,9.html
local,600,GET,310.gif
local,600,GET,6.html
local,600,GET,10.html
local,600,GET,255.gif
local,600,GET,153.html
local,600,GET,index.html
local,600,GET,323.html
local,600,GET,318.html
local,600,GET,154.html
local,600,GET,590.html
local,600,GET,108.html
local,600,GET,109.gif
local,600,GET,124.html
local,600,GET,331.html
local,600,GET,index.html
local,600,GET,index.html
local,600,GET,93.gif
local,600,GET,index.html
local,600,GET,index.html
local,600,GET,15.html
local,600,GET,43.html
local,600,GET,36.html
local,600,GET,index.html
local,600,GET,index.html
local,600,GET,94.xbm
local,600,GET,95.html
local,600,GET,96.gif
local,600,GET,299.html
local,600,GET,97.html
local,600,GET,index.html
local,600,GET,2.gif
local,600,GET,4.gif
remot,600,GET,3.gif
remot,9.06,GET,T index.html
local,6.06,GET,T 39.html
local,600,GET,298.html
local,600,GET,index.html
local,600,GET,2.gif
local,600,GET,4.gif
local,600,GET,3.gif
local,600,GET,index.html
local,600,GET,151.html
remot,600,GET,152.gif
remot,2.06,GET,T index.html
remot,5.06,GET,T index.html
remot,8.06,GET,T 277.html
local,6.06,GET,T index.html
local,600,GET,index.html
local,600,GET,2.gif
local,600,GET,3.gif
local,600,GET,4.gif
local,600,GET,index.html
local,600,GET,2.gif
local,600,GET,3.gif
local,600,GET,4.gif
local,600,GET,28.html
local,600,GET,29.html
local,600,GET,77.html
local,600,GET,83.gif
local,600,GET,index.html
local,600,GET,index.html
local,600,GET,93.gif
local,600,GET,90.html
local,600,GET,601.html
local,600,GET,46.html
local,600,GET,593.html
local,600,GET,index.html
local,600,GET,index.html
local,600,GET,602.edu/cstr/search
local,600,GET,25.html
local,600,GET,27.gif
local,600,GET,26.gif
local,600,GET,129.html
local,600,GET,131.gif
local,600,GET,130.gif
local,600,GET,index.html
local,600,GET,2.gif
local,600,GET,3.gif
local,600,GET,4.gif
local,600,GET,index.html
local,600,GET,index.html
local,600,GET,603.gif
local,600,GET,47.html
local,600,GET,48.gif
local,600,GET,604.html
local,600,GET,325.html
local,600,GET,587.gif
local,600,GET,326.gif
local,600,GET,14.html
local,600,GET,32.gif
local,600,GET,30.gif
local,600,GET,31.gif
local,600,GET,226.html
local,600,GET,605.html
local,600,GET,index.html
local,600,GET,2.gif
local,600,GET,3.gif
local,600,GET,4.gif
local,600,GET,index.html
local,600,GET,index.html
local,600,GET,603.gif
local,600,GET,606.html
local,600,GET,606.html
local,600,GET,593.html
local,600,GET,46.html
local,600,GET,536.html
local,600,GET,607.html
local,600,GET,608.html
local,600,GET,464.html
local,600,GET,index.html
local,600,GET,100.xbm
local,600,GET,99.xbm
local,600,GET,index.html
local,600,GET,2.gif
local,600,GET,3.gif
local,600,GET,4.gif
local,600,GET,index.html
local,600,GET,9.html
local,600,GET,603.gif
local,600,GET,310.gif
local,600,GET,606.html
local,600,GET,606.html
local,600,GET,10.html
local,600,GET,255.gif
local,600,GET,index.html
local,600,GET,2.gif
local,600,GET,3.gif
local,600,GET,4.gif
local,600,GET,index.html
local,600,GET,2.gif
local,600,GET,3.gif
local,600,GET,4.gif
local,600,GET,609.html
local,600,GET,610.html
local,600,GET,611.gif
local,600,GET,610.html
local,600,GET,610.html
local,600,GET,index.html
local,600,GET,603.gif
local,600,GET,606.html
local,600,GET,610.html
local,600,GET,index.html
local,600,GET,2.gif
local,600,GET,3.gif
local,600,GET,4.gif
local,600,GET,index.html
local,600,GET,46.html
local,600,GET,606.html
local,600,GET,606.html
local,600,GET,index.html
local,600,GET,index.html
local,600,GET,2.gif
local,600,GET,3.gif
local,600,GET,4.gif
local,600,GET,index.html
local,600,GET,index.html
local,600,GET,index.html
remot,600,GET,index.html
remot,3.06,GET,T index.html
remot,3.06,GET,T index.html
local,5.06,GET,T 93.gif
local,600,GET,index.html
local,600,GET,index.html
local,600,GET,2.gif
local,600,GET,3.gif
local,600,GET,4.gif
local,600,GET,index.html
local,600,GET,2.gif
local,600,GET,3.gif
local,600,GET,4.gif
local,600,GET,46.html
local,600,GET,39.html
local,600,GET,166.gif
local,600,GET,index.html
local,600,GET,index.html
local,600,GET,index.html
local,600,GET,612.html
local,600,GET,index.html
remot,600,GET,613.html
local,0.06,GET,T index.html 200 3185
local,600,GET,index.html
local,600,GET,index.html
local,600,GET,index.html
local,600,GET,index.html
local,600,GET,index.html
local,600,GET,index.html
local,600,GET,299.html
local,600,GET,index.html
local,600,GET,36.html
local,600,GET,index.html
local,600,GET,2.gif
local,600,GET,3.gif
local,600,GET,4.gif
local,600,GET,index.html
local,600,GET,index.html
local,600,GET,index.html
remot,600,GET,46.html
remot,0.06,GET,T index.html
local,5.06,GET,T index.html
local,600,GET,index.html
local,600,GET,index.html
local,600,GET,46.html
local,600,GET,index.html
local,600,GET,index.html
local,600,GET,index.html
local,600,GET,index.html
local,600,GET,103.html
local,600,GET,index.html
local,600,GET,index.html
local,600,GET,42.html
local,600,GET,43.html
local,600,GET,index.html
local,600,GET,index.html
local,600,GET,index.html
local,600,GET,index.html
local,600,GET,index.html
local,600,GET,216.html
local,600,GET,index.html
local,600,GET,2.gif
local,600,GET,3.gif
local,600,GET,4.gif
local,600,GET,index.html
local,600,GET,index.html
local,600,GET,index.html
local,600,GET,index.html
local,600,GET,463.html
local,600,GET,index.html
local,600,GET,index.html
local,600,GET,index.html
local,600,GET,2.gif
local,600,GET,3.gif
local,600,GET,4.gif
local,600,GET,index.html
local,600,GET,97.html
local,600,GET,index.html
local,600,GET,index.html
local,600,GET,463.html
local,600,GET,46.html
local,600,GET,index.html
local,600,GET,2.gif
local,600,GET,3.gif
local,600,GET,4.gif
local,600,GET,index.html
local,600,GET,index.html
local,600,GET,index.html
local,600,GET,46.html
local,600,GET,index.html
local,600,GET,2.gif
local,600,GET,3.gif
local,600,GET,4.gif
local,600,GET,index.html
local,600,GET,index.html
local,600,GET,index.html
local,600,GET,46.html
local,600,GET,463.html
local,600,GET,36.html
local,600,GET,index.html
local,600,GET,index.html
local,600,GET,index.html
local,600,GET,index.html
local,600,GET,index.html
local,600,GET,index.html
local,600,GET,14.html
local,600,GET,30.gif
local,600,GET,31.gif
local,600,GET,32.gif
local,600,GET,index.html
local,600,GET,index.html
local,600,GET,20.html
local,600,GET,23.html
local,600,GET,index.html
local,600,GET,261.html
local,600,GET,229.html
local,600,GET,228.html
local,600,GET,579.html
local,600,GET,262.html
local,600,GET,36.html
local,600,GET,index.html
local,600,GET,index.html
local,600,GET,95.html
local,600,GET,index.html
local,600,GET,index.html
local,600,GET,index.html
local,600,GET,index.html
local,600,GET,index.html
local,600,GET,363.html
local,600,GET,386.html
local,600,GET,index.html
local,600,GET,index.html
local,600,GET,index.html
local,600,GET,index.html
local,600,GET,46.html
local,600,GET,index.html
local,600,GET,219.html
local,600,GET,index.html
local,600,GET,index.html
local,600,GET,46.html
local,600,GET,index.html
local,600,GET,index.html
local,600,GET,46.html
local,600,GET,index.html
local,600,GET,2.gif
local,600,GET,4.gif
remot,600,GET,3.gif
remot,1.06,GET,T index.html
local,3.06,GET,T 614.html
local,600,GET,index.html
local,600,GET,2.gif
local,600,GET,3.gif
local,600,GET,4.gif
local,600,GET,index.html
local,600,GET,46.html
local,600,GET,index.html
local,600,GET,2.gif
local,600,GET,3.gif
local,600,GET,4.gif
local,600,GET,index.html
local,600,GET,index.html
local,600,GET,28.html
local,600,GET,29.html
local,600,GET,325.html
local,600,GET,615.html
local,600,GET,325.html
local,600,GET,326.gif
local,600,GET,587.gif
local,600,GET,index.html
local,600,GET,2.gif
local,600,GET,3.gif
local,600,GET,4.gif
local,600,GET,index.html
remot,600,GET,46.html
remot,6.06,GET,T index.html
remot,1.06,GET,T index.html
remot,5.06,GET,T index.html
remot,3.06,GET,T 50.html
remot,6.06,GET,T 51.gif
remot,0.06,GET,T 52.gif
remot,4.06,GET,T 53.gif
local,5.06,GET,T 54.gif
local,600,GET,327.html
local,600,GET,616.gif
remot,600,GET,616.gif
local,8.06,GET,T 55.gif
remot,600,GET,327.html
local,8.06,GET,T 56.gif
remot,600,GET,616.gif
remot,1.06,GET,T 57.gif
remot,7.06,GET,T 58.gif
remot,1.06,GET,T 59.gif
local,1.06,GET,T 60.gif
remot,600,GET,327.html
remot,0.06,GET,T 61.gif
remot,3.06,GET,T 62.gif
remot,9.06,GET,T 63.gif
remot,3.06,GET,T 64.gif
remot,7.06,GET,T 65.gif
remot,4.06,GET,T 66.gif
remot,1.06,GET,T 67.gif
remot,1.06,GET,T 68.gif
remot,8.06,GET,T 69.gif
remot,3.06,GET,T 70.gif
remot,3.06,GET,T 71.gif
remot,9.06,GET,T 72.gif
remot,8.06,GET,T 73.gif
remot,5.06,GET,T 74.gif
remot,9.06,GET,T 75.gif
local,7.06,GET,T 76.gif
local,600,GET,219.html
local,600,GET,275.html
remot,600,GET,index.html
remot,4.06,GET,T index.html
local,3.06,GET,T index.html
local,600,GET,index.html
local,600,GET,2.gif
local,600,GET,3.gif
remot,600,GET,4.gif
remot,1.06,GET,T index.html
remot,5.06,GET,T 20.html
remot,2.06,GET,T 21.gif
local,3.06,GET,T 230.html
local,600,GET,index.html
local,600,GET,index.html
local,600,GET,617.gif
local,600,GET,618.gif
local,600,GET,index.html
local,600,GET,2.gif
local,600,GET,3.gif
local,600,GET,4.gif
local,600,GET,index.html
local,600,GET,index.html
local,600,GET,617.gif
local,600,GET,618.gif
remot,600,GET,index.html
remot,7.06,GET,T index.html
remot,8.06,GET,T index.html
remot,9.06,GET,T 440.gif
remot,0.06,GET,T 441.gif
remot,1.06,GET,T 442.gif
remot,3.06,GET,T 443.gif
remot,4.06,GET,T 444.gif
remot,5.06,GET,T 445.gif
remot,6.06,GET,T 446.gif
remot,7.06,GET,T 447.gif
remot,8.06,GET,T 448.gif
remot,9.06,GET,T 449.gif
remot,0.06,GET,T 450.gif
remot,1.06,GET,T 451.gif
remot,2.06,GET,T 452.gif
remot,3.06,GET,T 453.gif
remot,4.06,GET,T 454.gif
remot,5.06,GET,T 455.gif
local,6.06,GET,T 456.gif
local,600,GET,index.html
local,600,GET,144.html
remot,600,GET,478.html
remot,3.06,GET,T 28.html
remot,1.06,GET,T 29.html
remot,1.06,GET,T 77.html
remot,1.06,GET,T 83.gif
local,8.06,GET,T 90.html
local,600,GET,index.html
local,600,GET,2.gif
local,600,GET,3.gif
local,600,GET,4.gif
local,600,GET,index.html
remot,600,GET,46.html
local,5.06,GET,T 28.html
local,600,GET,index.html
local,600,GET,2.gif
local,600,GET,3.gif
remot,600,GET,4.gif
remot,7.06,GET,T index.html 200 3185
remot,7.06,GET,T 303.html
remot,8.06,GET,T 304.xbm
remot,9.06,GET,T 305.xbm
remot,1.06,GET,T index.html
remot,2.06,GET,T 2.gif
remot,4.06,GET,T 3.gif
local,5.06,GET,T 4.gif
local,600,GET,index.html
local,600,GET,2.gif
local,600,GET,3.gif
local,600,GET,4.gif
local,600,GET,463.html
local,600,GET,index.html
local,600,GET,2.gif
local,600,GET,3.gif
local,600,GET,4.gif
local,600,GET,619.html' 404 
local,600,GET,620.html' 404 
local,600,GET,index.html 200 514
local,600,GET,621.gif' 200 541
local,600,GET,622.html' 200 1811
local,600,GET,index.html
local,600,GET,index.html
remot,600,GET,index.html
remot,3.06,GET,T 220.html
remot,9.06,GET,T index.html
remot,7.06,GET,T index.html
remot,9.06,GET,T index.html
remot,0.06,GET,T index.html
remot,8.06,GET,T 244.gif
remot,5.06,GET,T 277.html
remot,5.06,GET,T 245.html
remot,2.06,GET,T 246.html
remot,4.06,GET,T 472.jpg
remot,3.06,GET,T 20.html
remot,6.06,GET,T 21.gif
remot,3.06,GET,T 336.html
remot,2.06,GET,T 230.html
remot,5.06,GET,T 20.html
remot,2.06,GET,T 21.gif
remot,5.06,GET,T 336.html
remot,6.06,GET,T 257.html
remot,0.06,GET,T 256.html
remot,6.06,GET,T index.html
remot,9.06,GET,T index.html
remot,1.06,GET,T index.html
remot,7.06,GET,T 464.html
remot,9.06,GET,T 4.gif
remot,0.06,GET,T 220.html
remot,8.06,GET,T 562.html
remot,1.06,GET,T 564.gif
remot,1.06,GET,T 20.html
remot,1.06,GET,T 230.html
remot,1.06,GET,T 22.html
remot,9.06,GET,T 256.html
remot,8.06,GET,T 257.html
remot,9.06,GET,T 583.html
remot,0.06,GET,T 584.html
remot,9.06,GET,T 585.html
remot,2.06,GET,T index.html
remot,7.06,GET,T 245.html
remot,2.06,GET,T 246.html
remot,1.06,GET,T 472.jpg
remot,9.06,GET,T 482.jpg
remot,2.06,GET,T 244.gif
remot,4.06,GET,T 472.jpg
remot,7.06,GET,T index.html
remot,9.06,GET,T index.html
remot,0.06,GET,T index.html
remot,1.06,GET,T 623.html
remot,2.06,GET,T 624.html
remot,4.06,GET,T index.html
remot,5.06,GET,T index.html
remot,6.06,GET,T index.html
remot,8.06,GET,T 151.html
remot,0.06,GET,T 625.html
remot,1.06,GET,T 626.html
remot,3.06,GET,T 323.html
remot,5.06,GET,T 318.html
remot,6.06,GET,T 165.html
remot,0.06,GET,T 28.html
remot,2.06,GET,T 98.html
remot,2.06,GET,T index.html
remot,3.06,GET,T index.html
remot,8.06,GET,T 464.html
remot,0.06,GET,T 4.gif
remot,3.06,GET,T index.html
remot,4.06,GET,T 100.xbm
remot,5.06,GET,T 99.xbm
remot,4.06,GET,T 9.html
remot,9.06,GET,T 310.gif
remot,5.06,GET,T index.html
remot,7.06,GET,T 2.gif
remot,0.06,GET,T 3.gif
remot,0.06,GET,T 20.html
remot,4.06,GET,T 21.gif
remot,7.06,GET,T 336.html
remot,7.06,GET,T 303.html
remot,3.06,GET,T 304.xbm
remot,7.06,GET,T 305.xbm
remot,3.06,GET,T 627.html
remot,7.06,GET,T 308.html
remot,1.06,GET,T 307.xbm
remot,2.06,GET,T 309.html
local,1.06,GET,T index.html
local,600,GET,index.html
local,600,GET,index.html
local,600,GET,index.html
local,600,GET,440.gif
local,600,GET,441.gif
local,600,GET,442.gif
local,600,GET,443.gif
local,600,GET,444.gif
local,600,GET,445.gif
local,600,GET,446.gif
remot,600,GET,447.gif
local,7.06,GET,T 20.html
remot,600,GET,448.gif
remot,3.06,GET,T 21.gif
remot,3.06,GET,T 23.html
local,4.06,GET,T 24.html
local,600,GET,449.gif
local,600,GET,450.gif
local,600,GET,451.gif
local,600,GET,452.gif
local,600,GET,453.gif
local,600,GET,454.gif
local,600,GET,455.gif
local,600,GET,456.gif
local,600,GET,460.html
remot,600,GET,458.gif
local,8.06,GET,T 24.html
remot,600,GET,461.gif
remot,2.06,GET,T 21.gif
local,8.06,GET,T 22.html
local,600,GET,454.gif
local,600,GET,20.html
remot,600,GET,21.gif
remot,0.06,GET,T index.html
remot,2.06,GET,T index.html
remot,4.06,GET,T 440.gif
remot,6.06,GET,T 441.gif
remot,9.06,GET,T 442.gif
remot,6.06,GET,T 443.gif
remot,8.06,GET,T 444.gif
remot,3.06,GET,T 445.gif
remot,6.06,GET,T 446.gif
remot,7.06,GET,T 447.gif
remot,0.06,GET,T 448.gif
remot,3.06,GET,T 449.gif
remot,8.06,GET,T 450.gif
remot,1.06,GET,T 451.gif
remot,4.06,GET,T 452.gif
remot,6.06,GET,T 453.gif
remot,8.06,GET,T 454.gif
remot,0.06,GET,T 455.gif
local,1.06,GET,T 456.gif
local,600,GET,index.html
local,600,GET,index.html
remot,600,GET,10.html
remot,4.06,GET,T 258.html
remot,3.06,GET,T 454.gif
remot,6.06,GET,T 228.html
remot,1.06,GET,T 341.html
local,5.06,GET,T 454.gif
local,600,GET,index.html
remot,600,GET,2.gif
local,5.06,GET,T 579.html
local,600,GET,3.gif
remot,600,GET,4.gif
remot,5.06,GET,T 454.gif
remot,6.06,GET,T 229.html
remot,4.06,GET,T 454.gif
local,6.06,GET,T 20.html
local,600,GET,index.html
local,600,GET,2.gif
local,600,GET,3.gif
remot,600,GET,4.gif
remot,0.06,GET,T 21.gif
remot,9.06,GET,T 24.html
remot,1.06,GET,T 335.html
remot,5.06,GET,T 230.html
remot,1.06,GET,T 23.html
remot,4.06,GET,T 336.html
remot,4.06,GET,T index.html
remot,6.06,GET,T 2.gif
remot,8.06,GET,T 3.gif
local,3.06,GET,T 4.gif
local,600,GET,index.html
remot,600,GET,index.html
remot,4.06,GET,T index.html
remot,5.06,GET,T 2.gif
remot,8.06,GET,T 3.gif
remot,1.06,GET,T 4.gif
remot,9.06,GET,T 5.html
remot,6.06,GET,T index.html
remot,7.06,GET,T 2.gif
remot,2.06,GET,T 3.gif
local,4.06,GET,T 4.gif
local,600,GET,index.html
local,600,GET,2.gif
local,600,GET,4.gif
remot,600,GET,3.gif
local,1.06,GET,T index.html
local,600,GET,' index.html 
local,600,GET,index.html 302 
local,600,GET,index.html 200 3185
local,600,GET,628.html' 200 1530
local,600,GET,629.html' 404 
local,600,GET,index.html
local,600,GET,4.gif
local,600,GET,3.gif
remot,600,GET,2.gif
remot,6.06,GET,T index.html
local,1.06,GET,T index.html
remot,600,GET,index.html
remot,4.06,GET,T 276.html
remot,8.06,GET,T index.html
remot,5.06,GET,T 277.html
remot,7.06,GET,T index.html
remot,2.06,GET,T index.html
remot,3.06,GET,T 245.html
remot,2.06,GET,T 246.html
local,6.06,GET,T 472.jpg
local,600,GET,28.html
local,600,GET,29.html
local,600,GET,77.html
local,600,GET,77.html
local,600,GET,index.html
local,600,GET,83.gif
local,600,GET,index.html
local,600,GET,index.html
remot,600,GET,229.html
local,2.06,GET,T 473.gif
local,600,GET,index.html
local,600,GET,2.gif
local,600,GET,4.gif
local,600,GET,3.gif
local,600,GET,index.html
local,600,GET,2.gif
local,600,GET,4.gif
local,600,GET,3.gif
local,600,GET,index.html
local,600,GET,375.html
local,600,GET,376.gif
local,600,GET,377.gif
local,600,GET,index.html
local,600,GET,2.gif
local,600,GET,3.gif
local,600,GET,4.gif
local,600,GET,index.html
local,600,GET,93.gif
remot,600,GET,index.html
local,1.06,GET,T 473.gif
local,600,GET,index.html
local,600,GET,2.gif
local,600,GET,4.gif
local,600,GET,3.gif
local,600,GET,index.html
local,600,GET,index.html
local,600,GET,34.html
remot,600,GET,35.xbm
remot,3.06,GET,T 20.html
remot,9.06,GET,T 151.html
remot,7.06,GET,T 152.gif
local,9.06,GET,T 21.gif
local,600,GET,index.html
local,600,GET,2.gif
local,600,GET,3.gif
local,600,GET,4.gif
remot,600,GET,index.html
remot,2.06,GET,T index.html
remot,3.06,GET,T 2.gif
remot,0.06,GET,T 3.gif
local,2.06,GET,T 4.gif
local,600,GET,index.html
local,600,GET,index.html
local,600,GET,339.html
local,600,GET,332.html
local,600,GET,41.html
remot,600,GET,25.html
local,4.06,GET,T 303.html
local,600,GET,26.gif
local,600,GET,27.gif
local,600,GET,219.html
local,600,GET,275.html
local,600,GET,630.html
local,600,GET,631.html
local,600,GET,index.html
local,600,GET,2.gif
local,600,GET,4.gif
local,600,GET,3.gif
local,600,GET,index.html
local,600,GET,165.html
local,600,GET,77.html
local,600,GET,318.html
local,600,GET,302.html
local,600,GET,14.html
local,600,GET,32.gif
local,600,GET,30.gif
local,600,GET,31.gif
local,600,GET,14.html
local,600,GET,31.gif
local,600,GET,32.gif
local,600,GET,30.gif
local,600,GET,226.html
local,600,GET,index.html
local,600,GET,2.gif
local,600,GET,3.gif
local,600,GET,4.gif
local,600,GET,index.html
local,600,GET,93.gif
local,600,GET,index.html
local,600,GET,index.html
local,600,GET,16.html
local,600,GET,303.html
local,600,GET,304.xbm
local,600,GET,305.xbm
local,600,GET,index.html
local,600,GET,2.gif
local,600,GET,15.html
local,600,GET,3.gif
local,600,GET,4.gif
local,600,GET,17.html
local,600,GET,index.html
local,600,GET,2.gif
local,600,GET,3.gif
local,600,GET,4.gif
local,600,GET,43.html
local,600,GET,5.html
local,600,GET,161.html
local,600,GET,162.gif
local,600,GET,163.gif
local,600,GET,486.html
local,600,GET,487.gif
local,600,GET,488.gif
local,600,GET,100.xbm
local,600,GET,487.gif
local,600,GET,488.gif
local,600,GET,149.html
local,600,GET,150.gif
local,600,GET,153.html
local,600,GET,153.html
local,600,GET,505.html
local,600,GET,108.html
local,600,GET,109.gif
local,600,GET,250.html
local,600,GET,252.gif
local,600,GET,251.gif
local,600,GET,108.html
local,600,GET,14.html
local,600,GET,30.gif
local,600,GET,31.gif
local,600,GET,32.gif
local,600,GET,14.html
local,600,GET,98.html
local,600,GET,99.xbm
local,600,GET,98.html
local,600,GET,329.html
local,600,GET,512.html
local,600,GET,14.html
local,600,GET,513.gif
local,600,GET,32.gif
local,600,GET,30.gif
local,600,GET,31.gif
local,600,GET,index.html
local,600,GET,2.gif
local,600,GET,3.gif
local,600,GET,4.gif
local,600,GET,6.html
local,600,GET,6.html
local,600,GET,10.html
local,600,GET,255.gif
local,600,GET,33.html
remot,600,GET,index.html
local,0.06,GET,T index.html
local,600,GET,index.html
local,600,GET,2.gif
local,600,GET,3.gif
local,600,GET,4.gif
local,600,GET,index.html
local,600,GET,index.html
local,600,GET,165.html
local,600,GET,index.html
local,600,GET,2.gif
local,600,GET,4.gif
local,600,GET,323.html
local,600,GET,3.gif
local,600,GET,index.html
local,600,GET,603.gif
local,600,GET,606.html
local,600,GET,318.html
local,600,GET,28.html
local,600,GET,29.html
local,600,GET,14.html
local,600,GET,30.gif
local,600,GET,31.gif
local,600,GET,32.gif
local,600,GET,33.html
local,600,GET,34.html
local,600,GET,632.html
local,600,GET,index.html
local,600,GET,index.html
local,600,GET,2.gif
local,600,GET,3.gif
local,600,GET,4.gif
local,600,GET,index.html
local,600,GET,index.html
local,600,GET,2.gif
local,600,GET,3.gif
local,600,GET,4.gif
local,600,GET,index.html
local,600,GET,2.gif
local,600,GET,3.gif
local,600,GET,4.gif
local,600,GET,5.html
local,600,GET,6.html
local,600,GET,100.xbm
local,600,GET,99.xbm
local,600,GET,10.html
local,600,GET,255.gif
local,600,GET,index.html
local,600,GET,2.gif
local,600,GET,3.gif
local,600,GET,4.gif
local,600,GET,index.html
local,600,GET,index.html
local,600,GET,index.html
local,600,GET,index.html
local,600,GET,2.gif
local,600,GET,3.gif
local,600,GET,4.gif
local,600,GET,index.html
local,600,GET,index.html
local,600,GET,index.html
local,600,GET,index.html
local,600,GET,index.html
local,600,GET,index.html
local,600,GET,2.gif
local,600,GET,3.gif
local,600,GET,4.gif
local,600,GET,index.html
local,600,GET,index.html
local,600,GET,index.html
remot,600,GET,index.html
local,3.06,GET,T index.html
local,600,GET,index.html
local,600,GET,index.html
local,600,GET,index.html
local,600,GET,index.html
local,600,GET,index.html
local,600,GET,index.html
local,600,GET,index.html
local,600,GET,index.html
local,600,GET,index.html
local,600,GET,606.html
local,600,GET,index.html
local,600,GET,2.gif
local,600,GET,4.gif
local,600,GET,3.gif
local,600,GET,index.html
local,600,GET,2.gif
local,600,GET,3.gif
local,600,GET,4.gif
local,600,GET,index.html
local,600,GET,index.html
local,600,GET,index.html
local,600,GET,index.html
local,600,GET,606.html
local,600,GET,index.html
local,600,GET,2.gif
local,600,GET,3.gif
local,600,GET,4.gif
local,600,GET,5.html
local,600,GET,11.html
local,600,GET,13.gif
local,600,GET,12.gif
local,600,GET,373.html
local,600,GET,392.html
local,600,GET,index.html
local,600,GET,index.html
remot,600,GET,606.html
local,4.06,GET,T index.html
local,600,GET,index.html
local,600,GET,index.html
local,600,GET,index.html
local,600,GET,index.html
local,600,GET,4.gif
local,600,GET,2.gif
local,600,GET,3.gif
local,600,GET,index.html
local,600,GET,index.html
local,600,GET,index.html
local,600,GET,index.html
local,600,GET,2.gif
local,600,GET,3.gif
local,600,GET,4.gif
local,600,GET,5.html
local,600,GET,index.html
local,600,GET,index.html
local,600,GET,606.html
local,600,GET,index.html
local,600,GET,28.html
local,600,GET,29.html
local,600,GET,25.html
local,600,GET,26.gif
local,600,GET,27.gif
local,600,GET,28.html
local,600,GET,45.html
local,600,GET,77.html
local,600,GET,83.gif
local,600,GET,90.html
remot,600,GET,index.html
local,2.06,GET,T index.html
local,600,GET,index.html
local,600,GET,4.gif
local,600,GET,2.gif
local,600,GET,3.gif
remot,600,GET,index.html
local,3.06,GET,T index.html
local,600,GET,index.html
local,600,GET,index.html
local,600,GET,index.html
local,600,GET,633.html
local,600,GET,index.html
local,600,GET,2.gif
local,600,GET,3.gif
local,600,GET,4.gif
local,600,GET,633.html
local,600,GET,5.html
local,600,GET,6.html
local,600,GET,100.xbm
local,600,GET,99.xbm
local,600,GET,10.html
local,600,GET,255.gif
local,600,GET,633.html
local,600,GET,index.html
local,600,GET,2.gif
local,600,GET,4.gif
local,600,GET,3.gif
local,600,GET,index.html
local,600,GET,index.html
local,600,GET,2.gif
